110061,川投转债!
110053,苏银转债
113050,南银转债
113055,成银转债
110079,杭银转债
113044,大秦转债
113011,光大转债
110083,苏租转债
127039,北港转债
123107,温氏转债
127049,希望转2
110057,现代转债
127018,本钢转债
110075,南航转债
127012,招路转债
113057,中银转债
127032,苏行转债
113049,长汽转债
113053,隆22转债
113024,核建转债
128129,青农转债
113013,国君转债
113052,兴业转债
127005,长证转债
127025,冀东转债
113056,重银转债
127056,中特转债
110067,华安转债
113021,中信转债
127015,希望转债
110073,国投转债
113043,财通转债
113042,上银转债
110062,烽火转债
110059,浦发转债
128107,交科转债!
127027,靖远转债!
127040,国泰转债
127007,湖广转债!
110077,洪城转债
110068,龙净转债
128029,太阳转债!
128048,张行转债
110064,建工转债
127029,中钢转债
110085,通22转债
110048,福能转债
127058,科伦转债
127038,国微转债!
110043,无锡转债
128034,江银转债
113051,节能转债!
127045,牧原转债
127014,北方转债
127030,盛虹转债
113631,皖天转债
127028,英特转债
113516,苏农转债
113017,吉视转债
127020,中金转债
110052,贵广转债
110063,鹰19转债
110047,山鹰转债
113526,联泰转债
127016,鲁泰转债
127022,恒逸转债
113047,旗滨转债
123035,利德转债
127017,万青转债
113054,绿动转债
113641,华友转债
123048,应急转债
113037,紫银转债
110072,广汇转债
110045,海澜转债
110056,亨通转债
127006,敖东转债
127036,三花转债
113046,金田转债
113045,环旭转债
110081,闻泰转债
113616,韦尔转债
113622,杭叉转债
127024,盈峰转债
123108,乐普转2
128035,大族转债
113639,华正转债
128136,立讯转债
127013,创维转债
110071,湖盐转债
128046,利尔转债
113615,金诚转债
123070,鹏辉转债!
113025,明泰转债!
128141,旺能转债
128106,华统转债!
123083,朗新转债
128128,齐翔转2!
113626,伯特转债!
128095,恩捷转债!
128114,正邦转债
128021,兄弟转债
123078,飞凯转债!
128017,金禾转债!
128130,景兴转债
128081,海亮转债
113039,嘉泽转债
110080,东湖转债
128040,华通转债!
113504,艾华转债
128119,龙大转债
113582,火炬转债
113620,傲农转债!
110074,精达转债!
113525,台华转债!
113033,利群转债
128037,岩土转债
123091,长海转债
110084,贵燃转债
128075,远东转债
113634,珀莱转债
128083,新北转债
110038,济川转债
128140,润建转债!
123130,设研转债
113545,金能转债
110055,伊力转债!
113532,海环转债
128132,交建转债
110070,凌钢转债
128042,凯中转债
127033,中装转2
127035,濮耐转债
110086,精工转债
113048,晶科转债
128109,楚江转债!
113519,长久转债
127031,洋丰转债
127042,嘉美转债
128134,鸿路转债
113549,白电转债
113058,友发转债
128135,洽洽转债
113030,东风转债
113647,禾丰转债
123077,汉得转债
128071,合兴转债
128144,利民转债
113505,杭电转债
123022,长信转债
127021,特发转2
128033,迪龙转债
127019,国城转债
123002,国祯转债
123145,药石转债
113579,健友转债
127054,双箭转债
113602,景20转债
128133,奇正转债
110060,天路转债
113619,世运转债
128053,尚荣转债
128101,联创转债!
127037,银轮转债
128078,太极转债!
113621,彤程转债
127026,超声转债
111002,特纸转债
113527,维格转债
113588,润达转债
127050,麒麟转债
123064,万孚转债
113535,大业转债
113623,凤21转债
110082,宏发转债
113563,柳药转债
128023,亚太转债
123004,铁汉转债
113530,大丰转债
128030,天康转债!
128142,新乳转债
113542,好客转债
128122,兴森转债
113638,台21转债
123128,首华转债
128131,崇达转2
128116,瑞达转债
110076,华海转债
123119,康泰转2
113633,科沃转债
128074,游族转债
118003,华兴转债
128108,蓝帆转债
123090,三诺转债
127044,蒙娜转债
113632,鹤21转债
113605,大参转债
123117,健帆转债
127052,西子转债
127046,百润转债
128124,科华转债
123104,卫宁转债
113589,天创转债
110044,广电转债
123101,拓斯转债
113627,太平转债
113584,家悦转债
128041,盛路转债
113575,东时转债
